50.0429077148438,8.57786479749178,198.12
50.0431045920162,8.578617861057245,205.74
50.04364044706703,8.5809262792552,233.17200000000003
50.0441726943194,8.583220046411025,265.17600000000004
50.0446824413235,8.585372382173496,295.65600000000006
50.04519311937236,8.587573164048608,332.23199999999997
50.04553589901684,8.58907616562389,352.044
50.045868437168956,8.590527595530876,371.856
50.04621385477357,8.592079043218794,391.668
50.04657432426842,8.593649244240643,416.052
50.04695450087728,8.595380802073148,438.912
50.047396281614155,8.597406943526071,469.392
50.047868786828,8.599607334706727,499.872
50.04826354980467,8.601406873374712,522.732
50.048707813327596,8.603474819134513,548.64
50.04916014590506,8.60562129448013,563.8799999999999
50.04964646161614,8.607978354137956,579.12
50.05009538036283,8.610111936566502,591.312
50.05044716010662,8.611715737311634,601.98
50.05078807766156,8.613355091252336,612.648
50.05113070213188,8.61504250061122,624.8399999999999
50.05157481048069,8.617145218177676,635.508
50.05202916032178,8.619175657269626,649.224
50.05255070055946,8.621631562625023,665.988
50.0530647924391,8.623997998949815,679.704
50.0534912109375,8.625857704564146,693.4199999999998
50.053905370679956,8.627721707817503,702.564
50.0543212373378,8.629584148293029,713.232
50.054960244388916,8.632322135046227,734.568
50.05556666487355,8.634957759851753,749.808
50.056032032077596,8.63690927866343,762.0
50.056568779379646,8.639188590124359,775.7160000000001
50.05716371697896,8.641612067839839,792.48
50.05764770507812,8.643588981791206,806.196
50.05813138282906,8.645622937133268,818.388
50.058780010676,8.648307789440343,835.152
50.05945439742786,8.651143449807744,848.868
50.060021093336225,8.65356028571746,864.108
50.0605468232753,8.655784118565524,879.348
50.061080311920705,8.658055616137315,893.064
50.06179271633342,8.661210083181455,915.924
50.06260970810712,8.66483768121277,950.976
50.06350102828722,8.66883643897804,996.6959999999999
50.064367986129504,8.672699235072347,1048.5120000000002
50.064982320494565,8.675454803076104,1088.136
50.06549703307072,8.677720830925498,1114.044
50.066098332809176,8.680442017817061,1147.572
50.06674913309388,8.683371835548545,1185.672
50.0672582594015,8.685592933535409,1216.1519999999998
50.06779221356926,8.687893733191455,1249.68
50.06861230882546,8.691111492737596,1293.876
50.06941502457958,8.69386510726907,1342.644
50.07020579192598,8.696191692759271,1376.172
50.07123769986426,8.698833177981642,1420.368
50.07222848665916,8.701073419996886,1459.992
50.07318870415124,8.703065571032072,1496.568
50.07461723715572,8.705789883479284,1537.716
50.07597051070908,8.70815827327636,1578.864
50.07704571222854,8.709843729162962,1607.82
50.07818888001522,8.711449483380378,1639.824
50.07945432501324,8.713123218433278,1667.256
50.08091497906184,8.714914552517671,1696.2120000000002
50.08222682112354,8.716339805896048,1720.596
50.08356023238876,8.7176513671875,1738.884
50.084783470024504,8.71876953472284,1749.5520000000001
50.08619850288002,8.719986547955749,1767.8400000000001
50.08768538135594,8.721218016883558,1784.604
50.08925807112354,8.722455736922674,1799.8439999999998
50.09078979492186,8.723650480571546,1815.084
50.09238715737551,8.724863586859886,1831.848
50.0939482090837,8.726013400646227,1845.5639999999999
50.09552214024432,8.727161260960283,1860.804
50.09704082941606,8.728279428495622,1872.9959999999999
50.09858139813956,8.729372200891271,1880.616
50.10029203770526,8.730566163151227,1894.3319999999999
50.10198234946042,8.731749576660853,1906.524
50.10393397444386,8.733086533091996,1923.288
50.10594301385394,8.734454745079683,1941.5759999999998
50.10853457693326,8.736208181801764,1959.864
50.11085474046612,8.737783461851553,1978.152
50.11270255395922,8.739036809668942,1991.868
50.11458760924256,8.740310864292542,2001.012
50.1164110603979,8.741516156691747,2013.2040000000002
50.118182062698644,8.742689412145493,2019.3
50.11998332395396,8.743893532461327,2028.444
50.12179761983584,8.745112499166519,2034.5400000000002
50.1236772440248,8.74634865642781,2040.636
50.125556868213735,8.7475848136891,2046.732
50.12755426956436,8.748893640119357,2055.876
50.12947082519532,8.750118857935856,2065.0199999999995
50.131478933560665,8.751439014505356,2071.1159999999995
50.133506749039995,8.752779487186611,2080.2599999999998
50.13549623651022,8.754066044032829,2086.356
50.13743327512582,8.75533345685066,2095.5
50.139435797222596,8.756658692448104,2101.596
50.1414979061838,8.758000337212726,2110.74
50.14354604947366,8.759331823921476,2116.8360000000002
50.1457358667406,8.76076020285551,2125.98
50.147926149529916,8.762202646789985,2132.076
50.149951171875,8.763533742804276,2138.172
50.15193802138506,8.764830067011912,2144.268
50.15413621805484,8.766300640947279,2151.888
50.15633317333158,8.767765354465794,2157.984
50.1585560426874,8.769223426178543,2168.652
50.161385953224325,8.771093680543206,2177.796
50.164161863165404,8.77296041865776,2185.416
50.16672844321044,8.77466462787829,2191.5119999999997
50.16917600470076,8.776296558624313,2199.1319999999996
50.171348287291465,8.77773509561422,2205.228
50.17347091416182,8.779150190936722,2211.324
50.1758151296842,8.780731331403363,2217.4200000000005
50.17824981172206,8.782374201594175,2223.516
50.180530250678615,8.783873296224886,2229.612
50.182996898586474,8.785520464054724,2235.708
50.1856457209183,8.787311798139115,2243.3280000000004
50.1880400576834,8.788897236244777,2252.472
50.19026184082032,8.790392423930921,2261.6159999999995
50.19251124495166,8.791897769672943,2270.76
50.194941582114,8.79352618416885,2282.9519999999998
50.19738262629106,8.795166319498467,2292.096
50.200194846977624,8.797047513307922,2308.86
50.20331865730932,8.79914515184644,2331.72
50.20572509765626,8.800753640925056,2348.484
50.207771068508336,8.802136699302098,2360.6760000000004
50.20949272543696,8.803308782672476,2372.868
50.211283434851694,8.804514075071678,2388.108
50.21361896062302,8.806076462204391,2410.968
50.21628454176048,8.807880298511403,2438.4
50.21937561035156,8.809965434827303,2468.88
50.22176699880826,8.811631355991064,2496.312
50.2250881906283,8.813980601759756,2531.364
50.22989998510328,8.817506228537852,2592.324
50.233135520805774,8.819939082920298,2641.092
50.23540649414064,8.821703459087171,2674.62
50.2376701742916,8.823492449004826,2712.72
50.2404017044326,8.825626422127822,2747.772
50.242862145375405,8.827567001494709,2779.7760000000003
50.24507353184586,8.829303247660693,2810.256
50.24725698697366,8.83101019174242,2837.688
50.24916950807736,8.832496002761602,2860.5480000000002
50.25143629171082,8.834299448374153,2892.552
50.25410854533568,8.836409979829746,2926.08
50.256587141651245,8.83836579628045,2953.5119999999997
50.25892639160158,8.84020674856085,2980.944
50.261238796428096,8.842018008062546,3008.376
50.26367223707295,8.843935145762027,3034.2839999999997
50.26613624702066,8.845873771656628,3060.192
50.26845672090176,8.847703393797786,3087.624
50.27075810836534,8.849519732327412,3105.9120000000003
50.27306058204782,8.851332554606929,3127.248
50.27576666363218,8.853469262591126,3144.0119999999997
50.27866283352094,8.855759122802386,3165.3480000000004
50.28135215629963,8.857855198563078,3179.064
50.28381011445644,8.859780150151696,3188.208
50.28625364141952,8.861717603962926,3198.876
50.28863618495102,8.863618723189678,3204.9719999999998
50.290820105601185,8.86535809491132,3214.116
50.29305073366328,8.867100592188615,3220.2120000000004
50.29560707221596,8.869126733641538,3229.356
50.29842906887247,8.871362287323302,3241.548
50.3011641680184,8.8735478321146,3255.264
50.3039520263672,8.875752520934277,3270.504
50.30726918365998,8.878366657544676,3293.364
50.3099476442499,8.880507663167897,3307.0800000000004
50.31277383060778,8.882737747127269,3319.272
50.3154923261222,8.884870938861352,3326.892
50.31826870158568,8.887076799764404,3339.084
50.32181846489344,8.889958952772162,3352.8
50.32462572000796,8.892332421597173,3366.5160000000005
50.32704876398636,8.894521091944124,3377.1839999999997
50.32964560298594,8.897019192300851,3390.9
50.33276367187498,8.900197882401313,3406.1400000000003
50.3356910317631,8.903432051114644,3421.38
50.3382110595703,8.906399375513983,3438.1440000000002
50.3400902182369,8.90871267739265,3448.8119999999994
50.34276247186178,8.912235960004002,3465.576
50.345653210656124,8.916312075271716,3486.9120000000003
50.34830436059984,8.920267465952282,3508.2479999999996
50.35026514085674,8.92340239827358,3523.4880000000003
50.35282753120036,8.927693786186989,3549.3959999999997
50.355561699301504,8.932360631473376,3578.352
50.35763948084944,8.935907355752136,3602.736
50.35986498816538,8.939723268511626,3630.168
50.36339256157309,8.945799739398115,3672.84
50.366225420418445,8.950665448163008,3706.368
50.36814213122352,8.953971504656383,3732.2760000000003
50.36993904760328,8.957079479060166,3753.612
50.37172246383408,8.96017299776905,3779.5200000000004
50.37353303553696,8.963325120646449,3803.904
50.375301399877536,8.966400667410317,3829.8119999999994
50.377267300880554,8.969776658211462,3855.72
50.37958451610502,8.973823080700459,3890.772
50.3819692320743,8.977952721108753,3924.3
50.38402575476698,8.981529919555145,3956.304
50.386391849841125,8.985643541490711,3989.832
50.38924379510396,8.99061278428665,4026.4080000000004
50.39170066704186,8.99490260942223,4058.4120000000003
50.39412883176644,8.99913890941723,4096.512
50.396168440479364,9.002698917307521,4125.468
50.39812363446768,9.006113586859886,4151.375999999999
50.400767646401626,9.010781994924098,4184.9039999999995
50.40339412365932,9.015357417707591,4219.956
50.40589475470074,9.019727725901271,4256.532
50.40800357107388,9.023413928101109,4287.012000000001
50.40990305755098,9.02672662640025,4308.348
50.412091633424915,9.030547618187677,4335.780000000001
50.414982527393406,9.03561687876456,4372.356
50.41757005594544,9.040177845853151,4405.884
50.41959306102688,9.043707770270268,4433.316000000001
50.42249450683594,9.048791877236505,4469.892
50.4264005499371,9.055657160231261,4512.564
50.42938641047072,9.060901061230329,4541.52
50.431330742270255,9.064302056476706,4561.332
50.433663319733185,9.068420366745755,4590.288
50.43610032938297,9.072691438547407,4617.72
50.437801968849314,9.07568611155872,4636.008
50.43942198672538,9.078551464704836,4655.82
50.44118740275758,9.08167155063678,4669.536
50.44294211177504,9.084758427539896,4693.92
50.44472676939884,9.087917973611974,4716.78
50.44655565164856,9.091157612047695,4735.068
50.44851394911942,9.09458830007279,4756.404
50.45039512504966,9.097889277538227,4777.74
50.45220864506092,9.10109726972295,4802.124000000001
50.454142735368116,9.104516236914343,4818.888000000001
50.4560993259236,9.10798990132968,4841.748
50.457936122053766,9.11122641420975,4864.608
50.4602091126523,9.11523025100296,4887.468
50.46258451817401,9.11940872821835,4910.3279999999995
50.46484137066342,9.123378965288271,4936.236
50.4672225176278,9.127621125700127,4963.668
50.469271591962396,9.131234658730998,4989.575999999999
50.47110590530654,9.134476641333459,5004.816000000001
50.4733099985931,9.138363269789629,5035.296
50.475479332875395,9.142199498660872,5064.252
50.47691345214844,9.144736277768825,5081.016
50.478467365846804,9.147493408550408,5100.8279999999995
50.48036669714976,9.15083892518392,5128.26
50.482385047007426,9.154414560852484,5158.74
50.484308895822316,9.157806570126356,5184.647999999999
50.48617160603154,9.161061054951436,5202.936
50.48806581658832,9.16444329686389,5228.843999999999
50.489969337592676,9.167791157664142,5256.276
50.491578338105796,9.17061705067012,5274.564
50.49344399662342,9.173943813969705,5294.375999999999
50.495599520408504,9.177745661728752,5323.332
50.49751188633806,9.181103289890425,5341.62
50.49940935555154,9.184490610830812,5356.859999999999
50.50204235012252,9.1891719118121,5385.816000000001
50.50474548339846,9.193952058490954,5411.724
50.50730492543366,9.198455984188858,5433.06
50.50925639524298,9.201926132354085,5449.8240000000005
50.51130221092096,9.205538493301585,5468.111999999999
50.5136586851993,9.209720096072635,5490.972
50.5158773648537,9.213683691336794,5507.736
50.518803328174684,9.218883053167787,5529.072
50.52222072795286,9.224940380025895,5559.552
50.52446966656182,9.228918040290495,5580.888000000001
50.5263862221928,9.232346384148848,5599.1759999999995
50.52848107289462,9.23606462329414,5618.988
50.53157819327664,9.241551926939788,5652.516
50.53470495191674,9.24711815086571,5686.044
50.53682711326472,9.250905542929853,5701.284000000001
50.538586943028356,9.254022112611684,5715.0
50.54057689602094,9.257566492723708,5730.24
50.54254403841698,9.261036640888936,5747.004
50.54449876688296,9.2645146029433,5762.244000000001
50.54672846390032,9.268469993623865,5779.008
50.548685519978164,9.271940923178008,5792.724
50.5505865581965,9.275359890369398,5809.487999999999
50.55274953033964,9.279194165768361,5826.252
50.55490179546806,9.282972962554453,5841.492
50.557919621871676,9.28834930897437,5867.4
50.5606860661911,9.293270496352129,5891.784
50.56261457022976,9.296723063266803,5911.5960000000005
50.564656351380435,9.300328782408538,5937.503999999999
50.5666889772577,9.303938017800384,5961.888000000001
50.56864649885794,9.30742926346628,5986.272
50.57068331443658,9.311034201219105,6007.608
50.57260731842558,9.314484814661494,6031.992
50.57459044375664,9.317992078800119,6054.852000000001
50.576679087493396,9.321686485583548,6079.236
50.57948479086666,9.326708472131157,6112.764
50.58233068433858,9.331762104929762,6143.244000000001
50.584279826536,9.335236941428475,6161.532
50.58609645002978,9.338481658892135,6179.82
50.588133575956704,9.342092457061813,6202.68
50.59000466556874,9.34543836438978,6225.54
50.59215724104544,9.34928357923353,6249.924
50.59455437094478,9.35356129284095,6274.308
50.597004260047015,9.357926912701148,6301.74
50.599285785222506,9.362028813803011,6324.6
50.60115935762052,9.36537472113098,6341.364
50.60298823987024,9.368629205956058,6356.603999999999
50.604884002168305,9.371977848145224,6376.415999999999
50.60722759699418,9.376180548416944,6402.324
50.609700762215326,9.380616102584904,6426.708
50.61235920534296,9.385364212318299,6454.14
50.61499359648108,9.39007559677276,6481.572
50.617077429819915,9.393817668279917,6499.86
50.6191983497749,9.397601153399492,6518.147999999999
50.621213906498305,9.401205309763402,6537.96
50.623126893124365,9.404617244454569,6554.723999999999
50.62492924059852,9.407848678306697,6579.108
50.62706412622485,9.411684907177943,6603.492
50.6292568918002,9.415603181885114,6624.8279999999995
50.631112929522,9.418928773101328,6641.592
50.6330392611229,9.42240478168341,6665.976
50.635073283567294,9.426026909992334,6696.456
50.63702413268012,9.429536127603239,6719.316000000001
50.63897855079782,9.433020340768913,6739.128
50.64090286513506,9.436477205322612,6758.94
50.64324847722458,9.440672873094105,6783.323999999999
50.64544263936708,9.444575129328545,6803.136
50.6474197129072,9.448126932635244,6827.5199999999995
50.64967346191406,9.45217413651316,6856.476000000001
50.65243571653204,9.457110951669184,6886.956
50.65496427891618,9.461641053895693,6915.911999999999
50.65699985310182,9.465301860955837,6940.295999999999
50.65878016585012,9.468476253417276,6958.584
50.66032011387714,9.471231040032118,6975.348
50.66227344577598,9.474741039031937,6999.732000000001
50.66418736344678,9.478185792057477,7024.116
50.666066987635716,9.481562173553076,7040.88
50.667991767495366,9.48498778255023,7060.692
50.66988209869902,9.488364945434743,7082.028
50.67190246582034,9.491987073743667,7106.411999999999
50.67413914567334,9.496013744457347,7133.844
50.67613577115334,9.49958512589738,7158.228
50.678116879220724,9.503149084142738,7181.088000000001
50.6800180726132,9.506566640493032,7199.376000000001
50.682064819335935,9.510211016680742,7225.284
50.6842468778966,9.51413582466744,7252.716
50.6860486046743,9.517383472339528,7271.003999999999
50.687985177767516,9.520843505859373,7287.767999999999
50.69035825567732,9.525092460013724,7313.6759999999995
50.6928346795551,9.529525756835938,7338.06
50.694733855683936,9.532949499181798,7357.872
50.697022518869176,9.537072259026605,7377.683999999999
50.6998445155257,9.542115907411318,7402.067999999999
50.70189964165126,9.54582791715055,7417.308
50.703654661017,9.548980712890629,7432.548
50.7056019411249,9.55245724239865,7444.74
50.70836543713586,9.55743037043391,7466.076000000001
50.710795619124056,9.561813766891891,7485.888000000001
50.71266251903468,9.565165339289486,7496.556
50.714509401483056,9.56848598170925,7510.272
50.71672016725704,9.572529973210514,7527.036
50.7189261226331,9.576650258657093,7545.3240000000005
50.72107745671678,9.580781266495988,7562.088000000001
50.72423866401286,9.587292233028927,7587.995999999999
50.72688127937964,9.593059642894847,7607.808
50.728658023123025,9.59714569916596,7624.572
50.730306593038286,9.601075455949111,7638.287999999999
50.73185011007018,9.604961085963891,7652.003999999999
50.73351900779596,9.609305304449958,7665.719999999999
50.73525432004767,9.614105224609377,7679.436
50.7367938025523,9.618581411000843,7691.628
50.7381591796875,9.622746648015202,7702.296
50.73981488761255,9.628294248838682,7717.536
50.74166332180218,9.635040695602829,7737.348
50.74315811415848,9.641102558857687,7760.2080000000005
50.74414921130164,9.645481006519217,7772.4
50.74508537680416,9.65009823360959,7786.116
50.74598569708356,9.654830107817778,7796.784
50.74672122244108,9.659194121489653,7810.5
50.74733369471664,9.663196460620778,7822.692
50.74793421858448,9.667512635926945,7836.4079999999985
50.748459483001184,9.671731897302578,7847.075999999999
50.74907630015226,9.678055221970016,7865.364
50.749719962427164,9.685563370988174,7888.223999999999
50.7501137943591,9.691299438476559,7908.036
50.750436246193054,9.696255658123944,7921.752
50.750789422503956,9.70187707849451,7938.5160000000005
50.75120559951006,9.708755905563764,7958.3279999999995
50.75164862163996,9.716092496304896,7981.188
50.75199310819982,9.721936612515837,7999.476
50.75229119769595,9.726913039748734,8011.668
50.7525788905257,9.731903900971284,8023.859999999999
50.75286394539526,9.736572265625,8037.575999999999
50.75312091374802,9.74117794552365,8048.244000000001
50.75345453811906,9.746792767498944,8061.960000000001
50.75392362950214,9.754693521035685,8078.724
50.7542926335739,9.760929416965796,8097.012
50.7545612399861,9.765450554925042,8106.156
50.75481712211996,9.7697943610114,8118.348
50.75513553942663,9.775119678394212,8130.540000000001
50.7555087331998,9.781494140625,8145.780000000001
50.75588394423662,9.787882212046032,8157.972
50.75619258557336,9.79307968552048,8174.736
50.75648664054224,9.797940228436444,8191.5
50.75679869570974,9.80323791503906,8205.216
50.75715249271716,9.809097290039064,8218.932
50.75743180614408,9.813766479492191,8226.552
50.757680084745786,9.81800636085304,8235.696
50.75795148429226,9.822580698374157,8244.84
50.758222728664606,9.827261847418708,8253.984
50.75849521442996,9.831885260504645,8266.176
50.758752648305105,9.836341651710306,8276.844000000001
50.75902792720472,9.84093578441723,8287.511999999999
50.7593041371491,9.845373617636188,8298.179999999998
50.75961883027676,9.850450257997254,8314.944
50.75992359226032,9.855712065825593,8328.66
50.760181646831946,9.860304136533994,8337.804
50.76052628856594,9.866125983160895,8357.616
50.76085805084748,9.871475219726564,8375.904
50.76110819153866,9.875811602618242,8383.524000000001
50.761370901334075,9.880319956186657,8394.192
50.761655956203654,9.885208542282516,8403.336
50.761951873262056,9.890400242161105,8414.004
50.76223661778338,9.894983240076016,8424.672
50.76251344842426,9.899491593644427,8432.292
50.76280067573158,9.904491940060177,8439.912
50.763130575923604,9.910005311708193,8449.056
50.763462338205116,9.915587554106839,8458.2
50.763739168846,9.920338398701436,8467.344000000001
50.764015689138645,9.925141618058488,8476.488000000001
50.76429422669493,9.929951848210516,8482.583999999999
50.76458750579316,9.934830536713472,8490.204000000002
50.76488171593618,9.939765311576224,8499.347999999998
50.76514985682602,9.944446048221073,8506.968
50.765426066770395,9.949269062763936,8514.588
50.76572182865466,9.954073519320099,8522.208
50.76598438327596,9.958618576462205,8529.828
50.766250041379784,9.963377256651182,8535.923999999999
50.7666050797802,9.969252715239652,8546.592
50.766940411066614,9.97509394465266,8555.735999999999
50.7672149140956,9.979783754091006,8563.356
50.767489572298715,9.98446036673881,8572.5
50.76774886826338,9.989072645032726,8578.596000000001
50.768043854277025,9.994470132363809,8586.216
50.768375306210274,10.000231768633876,8596.884
50.76865182650292,10.005153759105779,8604.503999999999
50.768946346994184,10.01009348276498,8613.648
50.76934824798068,10.01698097022802,8627.363999999998
50.769709493346156,10.02336986644846,8639.556
50.77000246209614,10.02850465516784,8647.176000000001
50.77028177552306,10.0334027264569,8651.748
50.77055922686044,10.03820140941722,8659.367999999999
50.770854988744695,10.043483012431379,8666.988000000001
50.77118644067796,10.04925165949642,8674.608
50.77146559893074,10.05424788191512,8682.228
50.77171139474642,10.058575604412981,8689.848
50.77199272543696,10.06348316089526,8695.944
50.772249383441476,10.068104099582978,8700.516000000001
50.77250061035158,10.072473474450998,8708.136
50.77276145805748,10.07691666886612,8717.28
50.773037978350125,10.08169885583824,8723.376
50.773315429687514,10.086643528293921,8730.996
50.773592881024896,10.09150984480576,8738.616
50.773869711665796,10.09652256321264,8744.712000000001
50.77415988728152,10.10144826528188,8752.332
50.77442228672868,10.1062015842747,8759.952
50.77468872070314,10.1108369569521,8767.572000000002
50.77496337890626,10.115478515625039,8773.668000000001
50.7752077781548,10.11992418443836,8776.716
50.7754608671544,10.12462554106842,8782.812000000002
50.77573785296942,10.129502992372279,8785.86
50.77604308047538,10.134770986196179,8788.908
50.7763213076834,10.1399086617135,8793.48
50.77663553528866,10.145425744958839,8793.48
50.77690662448688,10.15032794024496,8795.003999999999
50.77715785139698,10.15483753101246,8795.003999999999
50.77742630263506,10.15959868559968,8798.052
50.77767675367452,10.16402992042336,8798.052
50.77791991153006,10.16854569718642,8799.576
50.77819379386256,10.173223134633641,8801.1
50.7784579002251,10.17805192277236,8801.1
50.77872448937368,10.182866276921441,8801.1
50.7790503550384,10.18883246344488,8801.1
50.779385841498936,10.194839477539041,8802.624
50.77970813815876,10.200609774202901,8801.1
50.78004331427103,10.206560289537581,8801.1
50.78029329978812,10.21106410670924,8801.1
50.78054033699682,10.215377807617179,8801.1
50.7808058399265,10.2202045337574,8802.624
50.78110222250727,10.22545603159312,8801.1
50.78139844991394,10.230987961227859,8801.1
50.78164796990863,10.23550827438768,8801.1
50.78191673149496,10.24026530497784,8804.148000000001
50.7821913896981,10.24534565693626,8805.672
50.78247442730404,10.25055055360538,8804.148
50.78272875769664,10.2552585086307,8802.624
50.78298432948226,10.2598963557063,8801.1
50.78323291843222,10.26440553407412,8801.1
50.78349997310316,10.26910977750212,8801.1
50.78375585523702,10.273823506123321,8804.148
50.78402399612684,10.278396194045621,8802.624
50.78444172487418,10.284936028557881,8801.1
50.78500997252382,10.29282234810494,8801.1
50.78545966714116,10.298049101958402,8801.1
50.78594117245432,10.30290717047616,8801.1
50.78638916015626,10.30713550464528,8802.624
50.786947011139446,10.31197955157304,8804.148
50.7876775709249,10.3177688186233,8802.624
50.78844304488876,10.32344508815456,8804.148
50.789167087360966,10.328365016627961,8801.1
50.78994342351366,10.3332783467061,8802.624
50.79089743404067,10.33883254592486,8804.148
50.79183251332428,10.3440395045925,8804.148
50.79256214206502,10.347796053499799,8804.148000000001
50.79357853259072,10.352746087151619,8802.624
50.794566681425465,10.3573006294869,8801.1
50.7956816075212,10.362157460805522,8804.148000000001
50.7968826552569,10.36715079642632,8802.624
50.79806290965972,10.3717490531303,8801.1
50.79990265409826,10.37840188516154,8801.1
50.80238978499074,10.386861027898018,8802.624
50.80406225172142,10.39210592733848,8802.624
50.80573471845208,10.39715493691938,8804.148
50.80803936457232,10.40365023226354,8802.624
50.81016183626856,10.40925515664592,8801.1
50.812016322249086,10.41399940284524,8802.624
50.81371299614342,10.41829990696264,8802.624
50.81554203356728,10.4228330045133,8801.1
50.81758428024034,10.427935213656019,8801.1
50.81941549010196,10.43246913600612,8801.1
50.82103442175914,10.43646735114022,8802.624
50.8227950273934,10.4408507475982,8802.624
50.82469699665652,10.4455554034259,8804.148
50.826594931392336,10.4502419136666,8805.672
50.828358330160896,10.4545989165435,8805.671999999999
50.8300655558958,10.45881694072002,8802.624
50.832154354806704,10.46399131981102,8805.671999999999
50.83474871102028,10.47041032120988,8805.672
50.83699113231596,10.475966582427139,8805.672
50.83869184073758,10.48016934781462,8802.624
50.8402361336401,10.48401167586044,8801.1
50.84184187549654,10.48799669420396,8801.1
50.84382298356394,10.49288734229836,8801.1
50.84571952173264,10.497576739337001,8801.1
50.84776921676375,10.50265874089424,8802.624
50.8498511880131,10.50782487199116,8802.624
50.85180886478748,10.51267840411214,8804.148
50.85409240722658,10.51835508604308,8804.148
50.85605117021983,10.52318882297824,8801.1
50.857798586053356,10.52751901987438,8802.624
50.859550657110674,10.53183560758026,8802.624
50.86118029578256,10.53588124868034,8801.1
50.86280574475303,10.53990998139252,8801.1
50.864583264367035,10.544264509871201,8804.148
50.86630554199216,10.548536146009301,8804.148
50.868019595388624,10.55279747215478,8801.1
50.86972821769068,10.55696683316618,8801.1
50.87112168134272,10.56039428710938,8804.148
50.872334832660236,10.56336274018158,8802.624
50.87388393596068,10.567186510240699,8802.624
50.87546034990732,10.571075439453141,8805.672
50.8772163003178,10.57539986275338,8804.148
50.87896247475835,10.57968881967906,8804.148
50.880506612486776,10.58349609375,8802.624
50.88230725304556,10.587974342139981,8801.1
50.884323585639564,10.5929441709776,8802.624
50.88657376564156,10.598472801414701,8802.624
50.88922957080908,10.60503243111276,8802.624
50.89099622823426,10.60940799197636,8802.624
50.892559607554276,10.6132907351932,8801.1
50.894561664128716,10.61824613004118,8801.1
50.89727643546414,10.624977730415981,8801.1
50.89951327049128,10.6305286304371,8802.624
50.90146008507682,10.63537845096074,8802.624
50.90315132787672,10.63956801955764,8804.148
50.90474775928562,10.64356829669024,8805.672
50.90678007481464,10.64863957585516,8805.671999999999
50.908964460987164,10.65406510636614,8807.196
50.91086984408104,10.65879698057434,8808.72
50.91283186573094,10.663669070682019,8808.72
50.914587350619044,10.66801700076542,8808.719999999998
50.91625112759864,10.67214883340372,8808.719999999998
50.91868053371626,10.6781744054846,8808.72
50.920908058295815,10.683730666701859,8805.672
50.92252435199286,10.687781256598399,8804.148000000001
50.92423685364806,10.69202856115392,8810.244
50.92627413474908,10.6970965411212,8810.243999999999
50.92842453778802,10.702427632099901,8808.720000000001
50.930354128045565,10.70721270586996,8807.196
50.9328266725702,10.71334715147278,8804.148000000001
50.9349964723749,10.71875701079498,8804.148
50.93667111154334,10.72288925583298,8804.148000000001
50.93824100817668,10.726769524651601,8805.671999999999
50.94019154694122,10.73162016997466,8802.624
50.94207660222459,10.736297607421879,8804.148000000001
50.944348351430094,10.741943359375,8807.196
50.94721550375732,10.74906508987014,8804.148
50.94925340555486,10.75412935824006,8802.624
50.95095644158834,10.758383673590581,8804.148
50.9526247186176,10.762541487410278,8805.672
50.95446880793168,10.76712201092696,8805.672
50.956396380925575,10.77189966150234,8804.148
50.958053175069516,10.77605252652556,8805.672
50.96006935248942,10.78108627731736,8804.148
50.96209980592892,10.78613611169764,8802.624
50.9640427411613,10.79099129341746,8804.148000000001
50.96560953431212,10.794900842615082,8804.148000000001
50.96732157044492,10.799146909971501,8804.148
50.96894143314686,10.80320121146536,8804.148
50.970517691919376,10.80714993863492,8804.148000000001
50.972095657607255,10.81107845821896,8801.1
50.973683399265084,10.81502017459354,8804.148
50.97538612495034,10.81929181073164,8807.196
50.97740152649962,10.82430700353674,8805.672
50.97920356362554,10.828806696711359,8804.148
50.98144381248346,10.8344074970967,8802.624
50.98369259591832,10.8400313918655,8802.624
50.985369562698615,10.84419085528398,8802.624
50.987054443359405,10.84840516786316,8802.624
50.98869168556346,10.85250730772274,8801.1
50.99068613860565,10.8574787861592,8804.148
50.99280535164526,10.86279626794764,8804.148000000001
50.99422783285886,10.86636599978886,8801.1
50.995529123079976,10.86961570945946,8799.576000000001
50.996866413698356,10.87289387470966,8801.1
50.998492328191226,10.87696920858848,8801.1
51.00028846870036,10.88145611737228,8798.052
51.00199895309192,10.885747961095861,8796.528
51.00349359027412,10.88949502480996,8796.528
51.005101039045954,10.89350602433488,8801.1
51.00671174647442,10.89748856828022,8799.576000000001
51.0082079353979,10.90123934359164,8796.528
51.00974384889762,10.90510270402236,8796.528
51.01184319964908,10.910361625052781,8799.576000000001
51.01382166975634,10.91529392551732,8798.052
51.0154792397709,10.91946864772488,8799.576000000001
51.017352812168966,10.92419227393896,8798.052
51.0194276454085,10.92942315178948,8799.576000000001
51.021016628459336,10.93339662294132,8801.1
51.022597852803905,10.93737298089106,8801.1
51.02410055904066,10.941115095808701,8801.1
51.02568395582296,10.94508444296346,8798.052
51.027598339016166,10.94987240353146,8799.576
51.029915709414745,10.955693837758679,8799.576
51.031713401665144,10.96019889212944,8799.576000000001
51.03342388605668,10.96447918866132,8796.528
51.03547994322696,10.96966305294552,8799.576
51.037273911298314,10.97418501570418,8799.576
51.03892946404924,10.97833045753274,8796.528
51.040709000926896,10.98279344713368,8798.052
51.04243469238282,10.98714962521118,8798.052
51.0440399687169,10.99119856550886,8799.576
51.04591105832892,10.995894560942778,8799.576
51.04795702918102,11.00102934966216,8798.052
51.04954011561508,11.00498055122994,8801.100000000002
51.051102253542105,11.00889546162374,8799.576000000001
51.05289001464844,11.013393092799841,8799.576000000001
51.05465015476034,11.01780123324008,8801.1
51.0567167637712,11.0229859223237,8801.1
51.05851274910622,11.02752231907202,8801.1
51.060032679670954,11.03133866593646,8801.1
51.06162197307004,11.03533976786844,8804.148
51.06312483448092,11.039110338365699,8807.196
51.06488264698094,11.04353456239442,8808.719999999998
51.06681425450214,11.0483963425095,8807.196
51.068510152525825,11.052658493454398,8808.719999999998
51.07009913557666,11.05664309939824,8808.719999999998
51.07185679290252,11.06108216981632,8808.72
51.073611036397644,11.0655224774335,8808.72
51.0753744351662,11.06995453705658,8808.719999999998
51.0775544764632,11.07541512154244,8807.196
51.079778897560274,11.08099612674198,8807.196
51.081279121011,11.08477741963154,8808.719999999998
51.0829816915221,11.08905235496726,8808.72
51.08452117402674,11.09293922218116,8807.196
51.08632895259536,11.09747726852828,8807.196
51.0881787833521,11.10214233398438,8808.72
51.09015663276284,11.107119173617,8808.719999999998
51.092046188095864,11.111892287795621,8808.719999999998
51.09362229169426,11.11584720096072,8808.72
51.0956696591135,11.120983639278919,8808.72
51.09762392205708,11.12592295053842,8807.196
51.099336578886394,11.130253559834241,8808.72
51.101127753823505,11.13476851179794,8808.719999999998
51.102998998609664,11.13949255041174,8808.719999999998
51.104789242502,11.14399265598606,8811.768
51.10673652260992,11.14893774084144,8811.768
51.108521645756106,11.153432897619322,8814.816
51.11014150845802,11.157487611512881,8816.34
51.112052788168675,11.16232299804688,8816.34
51.114316468319636,11.16803762075064,8816.34
51.116848754882824,11.17446033374684,8816.34
51.11882800086072,11.17945903056376,8816.34
51.12041869082696,11.183473329286318,8816.34
51.12227364232986,11.188197367900141,8816.34
51.12397652318922,11.192477664432019,8816.34
51.12553493693724,11.19644165039064,8816.34
51.12722136933926,11.20074297930746,8814.816
51.12881392139498,11.20475727803,8814.816
51.13046357752912,11.20892169024494,8816.34
51.13222263142214,11.21336653425888,8816.34
51.13387027029264,11.217568474846919,8816.34
51.13545552916448,11.221575762774501,8816.34
51.13717920335674,11.2259133828653,8816.34
51.13965454101562,11.23219917915962,8816.34
51.14194770425051,11.238038758973818,8816.34
51.143958760924264,11.243145092113618,8813.292
51.14591892048466,11.24808770257074,8813.291999999998
51.14767828472594,11.2525440937764,8816.34
51.14939094155524,11.256889549461558,8816.34
51.15097852803895,11.2609112713788,8816.34
51.15253957974708,11.26488680452914,8816.34
51.15423113289528,11.26916586386192,8816.34
51.15622248245501,11.274244566221501,8814.816
51.15863575046348,11.280348081846501,8816.34
51.160781653452744,11.285774437156899,8816.34
51.16264281192066,11.290510022962419,8816.34
51.16489842301705,11.29623413085938,8814.816
51.16675058138572,11.3009301262933,8814.816
51.168700654627926,11.30588882033892,8814.816
51.1710603875629,11.3118785136455,8814.816
51.17305018538134,11.31695556640624,8816.34
51.17484710176112,11.321533203125,8816.34
51.17683069261454,11.32661437988282,8816.34
51.17887138754636,11.331776386982678,8816.34
51.18118053371626,11.337673702755499,8816.34
51.18304619223386,11.34240557696368,8816.34
51.1850586454747,11.3475230448955,8816.34
51.18748587915452,11.35368305927998,8816.34
51.19009373551708,11.360340427707978,8816.34
51.192601504568316,11.36673592232372,8814.816
51.19467618263374,11.372035258525141,8819.387999999999
51.196926362635736,11.37778204840582,8823.96
51.19955004675914,11.38444065403294,8819.388
51.20115966796878,11.388553928684562,8816.34
51.20313068971795,11.39356912148966,8817.864
51.20527085126456,11.39903382997256,8817.864
51.207075526350614,11.403647345465581,8820.912
51.20903863421942,11.408653465477201,8817.864
51.21084486104676,11.41328512655724,8816.34
51.212465965141675,11.4174808811497,8816.34
51.21430881306276,11.42216986578864,8816.34
51.21627393819519,11.42718382139464,8816.34
51.21827258093882,11.432301701726159,8816.34
51.22003272105072,11.436819540487779,8816.34
51.22164591126524,11.44094683672932,8816.34
51.223246066853164,11.44503701699746,8816.34
51.22508193193859,11.449727238835521,8816.34
51.227475182484774,11.45583900245462,8816.34
51.229900088552675,11.46203242121516,8816.34
51.2317502296577,11.46675604742926,8816.34
51.2336270607124,11.471551431191939,8816.34
51.23574611857786,11.476951392921219,8816.34
51.237723347292125,11.4820098876953,8816.34
51.24031335863018,11.4886111697635,8816.34
51.24296574996691,11.495379886111701,8816.34
51.246335356114265,11.50394419077282,8816.34
51.25020896782307,11.51385209367082,8816.34
51.25313167248741,11.52133013751056,8816.34
51.25500896906448,11.52612139727618,8816.34
51.25659577967756,11.53017363677154,8816.34
51.25846904172736,11.53492778056378,8816.34
51.26092451709815,11.5412036792652,8816.34
51.263186645507815,11.547046558277021,8816.34
51.265013665668015,11.55172688252218,8816.34
51.2677877135196,11.55888284219278,8816.34
51.27111107777743,11.56740631928316,8816.34
51.27315254857986,11.572639259132199,8816.34
51.274841308593764,11.576991725612341,8814.816
51.27698488397111,11.58249932366448,8810.244
51.279491411629365,11.58893605825064,8810.244
51.28271794723251,11.5972595214844,8808.72
51.2855861857786,11.60465673498204,8810.244
51.28716818599378,11.608721758868239,8810.244
51.28866732322564,11.61256408691408,8808.719999999998
51.290231478416295,11.616592407226559,8808.719999999998
51.29174846067266,11.62051020441828,8808.72
51.293252563476564,11.62442593961148,8808.72
51.294792821851864,11.628400647962419,8808.719999999998
51.296354959778895,11.632435154270482,8808.719999999998
51.2981039273537,11.636953817831522,8808.72
51.29999410338324,11.641798277159001,8808.72
51.30175207105735,11.646318590318838,8808.719999999998
51.30355240126791,11.65095231339738,8808.719999999998
51.30560597565218,11.656219070022178,8808.72
51.30724120059258,11.66046802417652,8808.72
51.308870994438564,11.66467285156248,8808.719999999998
51.31072439420022,11.669418747360641,8808.719999999998
51.31237730899102,11.673709766284821,8808.72
51.31417686333094,11.67834802576014,8807.196
51.315993797172936,11.68303371120144,8807.196
51.3175084518174,11.68694738439614,8805.672
51.31944828356728,11.691913501636401,8805.671999999999
51.32144040899764,11.69704746555638,8805.672
51.32327177403338,11.70179047455662,8802.624
51.32514984648107,11.706652254671681,8801.1
51.32740111270194,11.71243451092694,8801.1
51.32921432236494,11.71712184596706,8801.1
51.33091797909496,11.721537409602,8801.1
51.33256391105006,11.725792962151619,8801.1
51.33455448473914,11.7309182656778,8801.1
51.336354194253204,11.73553879196582,8801.1
51.33799438476562,11.739782384924,8801.1
51.33976228358382,11.74436373324008,8801.1
51.34150271658173,11.74882053684544,8801.1
51.34315454515361,11.75308516218856,8801.1
51.34477828720869,11.75727967958194,8801.1
51.34639256364208,11.7614647117821,8801.1
51.348035392114674,11.7657083047403,8801.1
51.3499778618247,11.77073586953652,8804.148000000001
51.35189395193328,11.77569951237858,8805.671999999999
51.354067320742885,11.781333304740299,8802.624
51.3558235815016,11.7858581542969,8804.148000000001
51.357266700873936,11.78961181640626,8805.672
51.35875171726036,11.793483424831079,8804.148000000001
51.36041068384204,11.79773897738068,8808.72
51.36214599609376,11.80218670819258,8807.196
51.36411143157444,11.807260049356,8808.72
51.36583432989606,11.81174448374154,8805.671999999999
51.36745745125462,11.81593858873522,8801.1
51.36891950187036,11.81975122400232,8802.624
51.37051298497088,11.82389295423354,8802.624
51.372500920699814,11.8290351661476,8802.624
51.374595926575736,11.834437602275141,8801.1
51.376331704349845,11.83892327385982,8801.1
51.37795668779792,11.843120265651402,8801.1
51.3796685687566,11.84750984810494,8801.1
51.38150986493643,11.85231884105786,8801.1
51.38301210565085,11.8562473606419,8801.1
51.38462793382549,11.86040187526396,8801.1
51.38637426344017,11.864953118401619,8799.576
51.38815069683528,11.8695163211307,8793.48
51.38976388704979,11.873704652528499,8788.908
51.39135193905588,11.87785091915646,8784.336
51.39291687011722,11.8819023338524,8779.764
51.39444114555747,11.885834152634079,8770.62
51.39585866119902,11.889537501979522,8763.0
51.39735717773438,11.893472207559139,8755.380000000001
51.39894910909358,11.8976201237859,8743.188
51.400518229856324,11.90162699931376,8732.52
51.402069815942795,11.90566274282094,8724.9
51.40354350461796,11.909531876847561,8717.28
51.405151884434574,11.91372515704182,8708.136000000002
51.406698194600764,11.917745229360218,8697.467999999999
51.40818290063892,11.921612713787999,8688.323999999999
51.409756211103044,11.925702481656481,8676.132
51.411341780323106,11.9298466862859,8665.464000000002
51.41301610914328,11.93419750316722,8654.795999999998
51.4148234221895,11.938892261402021,8641.08
51.41648114737818,11.943206787109379,8628.888
51.41796352580444,11.94707385913746,8618.22
51.419926168150845,11.952199162663641,8602.98
51.42174915378378,11.956942996463258,8589.264
51.4233581542969,11.96113751385664,8578.596
51.4253149000265,11.96621085502008,8564.880000000001
51.42743876828988,11.97172670106632,8549.64
51.42934570312502,11.97668539511192,8535.924
51.43117101636982,11.981435827306822,8523.732
51.43310572737353,11.9865141172667,8510.016
51.43499000678628,11.99139981656462,8496.3
51.43645391949154,11.99520337903824,8485.632000000001
51.4381394208488,11.99960739548144,8473.44
51.44016180523372,12.00490384488492,8456.676
51.44203584315412,12.00974376781566,8444.484
51.443718706551216,12.014149021458,8433.816
51.44569609043962,12.01931474015522,8420.1
51.44736871234443,12.02370720940668,8409.431999999999
51.44923731917042,12.02859620790224,8395.716
51.45205636751854,12.03592991184544,8375.903999999999
51.45441284179687,12.04210394781986,8356.092
51.45628315553826,12.04703253668708,8342.376
51.458398799572954,12.0525830243085,8327.135999999999
51.46014404296877,12.0571091110642,8311.896
51.46172464661682,12.061227334512221,8302.751999999999
51.4633747682733,12.06557031579918,8292.083999999999
51.46503823490466,12.06990092509504,8279.892000000002
51.466699529098264,12.07424143198376,8269.223999999998
51.46875931044756,12.07965087890626,8253.984
51.47114728507351,12.085881826039898,8235.696
51.47308618577862,12.090902792440861,8221.98
51.475214864439884,12.09633863294446,8203.692
51.47716555837858,12.1012334050359,8191.5
51.4789907164493,12.10567288785368,8180.832
51.48130731097724,12.111155329523859,8167.116
51.483488438493126,12.1161903175148,8153.4
51.48567623849643,12.12112509237754,8139.683999999999
51.48808810993778,12.126413706186659,8121.396000000001
51.49027203058794,12.131120424012881,8109.204
51.492058084778876,12.13487656052048,8098.536
51.493882001456576,12.13860094225084,8089.392
51.496512047719136,12.143861925279761,8072.628
51.49879652120298,12.14832697687922,8060.436
51.500750008275965,12.152099609375,8048.244000000001
51.502660356941895,12.1556878992029,8036.052000000001
51.50458761958754,12.15921267947636,8029.956
51.50648865780588,12.1626446698163,8020.812
51.5086480609441,12.16648328626476,8008.62
51.51118034750728,12.170940502269861,7994.904
51.51304336806478,12.174181963946399,7982.7119999999995
51.51435489977822,12.17647985509926,7976.616
51.516490095752786,12.1802310428104,7965.948000000001
51.51870256844212,12.18411584802576,7952.232000000001
51.52049017437432,12.187228640994519,7941.564
51.522450333934714,12.190654857738599,7930.895999999999
51.5244323730469,12.19409674567146,7918.704000000001
51.526515120166856,12.197741946658581,7908.036
51.52887935315148,12.201905121674418,7892.796
51.531316207627114,12.206161499023441,7877.556
51.533557387529825,12.210094555004241,7865.364
51.53567504882814,12.213783057960338,7854.696000000001
51.537968367237184,12.21779941868138,7840.9800000000005
51.53987545724647,12.22111098830764,7831.836
51.54139461194056,12.223808082374358,7821.168
51.543387047719136,12.22733657424514,7808.976
51.545225240416435,12.23054463154562,7798.308
51.54700307037869,12.23364505252324,7790.688
51.54946087336134,12.2379888586096,7775.448000000001
51.55189803818526,12.24227575353674,7761.731999999999
51.55433737544693,12.24656636006124,7748.0160000000005
51.5566561424126,12.25060375316722,7731.252
51.55849759376654,12.25385098843962,7722.108
51.56046597755562,12.25732834274706,7708.392
51.56256625935184,12.26102963009398,7699.248
51.56448219428628,12.26438120249156,7685.531999999999
51.56640712932004,12.267742260082361,7676.388000000001
51.56830661579717,12.271072387695321,7662.6720000000005
51.57014992924062,12.27430766337628,7653.528
51.571745584778874,12.277106620169999,7644.384
51.573378326933266,12.27995836412586,7633.716
51.574768997450995,12.28237956279034,7627.62
51.57617890956038,12.28488860259186,7618.476
51.57801989539195,12.28810820708404,7607.808
51.579903088585795,12.29143750989758,7594.092
51.58173181566144,12.2946682491818,7584.947999999999
51.58351755950414,12.2977760933541,7572.755999999999
51.58541844254834,12.3010992101721,7565.136
51.58738589529264,12.30455223289698,7549.896000000001
51.58936483092227,12.308037835198501,7539.228
51.59156814833818,12.31188140044344,7525.512
51.59389963958224,12.31597075591218,7511.795999999999
51.59587950625662,12.3194588326119,7499.604000000001
51.59778706178825,12.32279432142102,7487.411999999999
51.59953680523372,12.325888968802781,7481.316000000001
51.60146996449619,12.32928590516786,7469.124000000001
51.603380313162084,12.33262840477196,7458.456
51.605317972474175,12.33601791794236,7446.264
51.6075695490433,12.34000623548352,7431.024
51.6097584352655,12.34386505951754,7415.784
51.612101874917265,12.347975034971501,7402.068000000001
51.614227294921896,12.35173075907938,7392.923999999999
51.61620064428298,12.35521553658152,7382.255999999999
51.61808616508874,12.35851143501902,7371.588000000001
51.62003453141555,12.36193847656252,7360.92
51.62228626315878,12.36591071051522,7345.68
51.62451751191738,12.36985655088684,7333.488
51.62701255669028,12.374227575353661,7319.772
51.629546394994705,12.37868561615814,7304.532000000001
51.63192831782969,12.38288095835094,7290.816000000001
51.634095324500116,12.386692768818639,7278.624000000001
51.63600831112618,12.39008228198902,7269.4800000000005
51.63789429745432,12.39342024519638,7257.2880000000005
51.63995888920154,12.39707905537376,7249.668
51.64199244612354,12.400663633604319,7237.476
51.64431912696968,12.40479917783994,7223.76
51.64675644696767,12.4091033935547,7208.5199999999995
51.64914705955373,12.41327811576226,7191.755999999999
51.65146722308659,12.41737943082242,7176.5160000000005
51.6534453828456,12.420900499498519,7162.8
51.655496164095624,12.424508172112539,7150.608
51.65786132812502,12.42869856550888,7136.892
51.65985640186376,12.43219901419976,7127.748
51.6617358708786,12.43551017142632,7112.508
51.66351649397512,12.43864688357792,7101.839999999999
51.665399687168986,12.441972062394438,7089.648000000001
51.667560331700244,12.445757891680739,7078.9800000000005
51.6695782160355,12.449343294710719,7065.264
51.67144077107056,12.4526189855627,7054.5960000000005
51.67318694551112,12.45570043615392,7043.928
51.675172088105796,12.45919263685072,7033.26
51.6775402004436,12.463374782252938,7016.496000000001
51.67990008855272,12.4675783724398,7004.303999999999
51.68184457552636,12.47099840318834,6992.111999999999
51.68376175185382,12.47437554436762,6984.492
51.685636565644856,12.47768463959564,6970.776000000001
51.687578259484255,12.48111291833826,6960.108
51.68984473276949,12.485118969066741,6944.8679999999995
51.69211213709946,12.489118421399919,6931.151999999999
51.69391929497152,12.492328953098601,6918.960000000001
51.695958282987945,12.495930027317339,6903.719999999999
51.69799059851696,12.49951543034734,6890.003999999999
51.699815446239406,12.50271977605048,6879.336
51.70158194849046,12.505854838603259,6864.0960000000005
51.70350036621094,12.50921672099346,6853.428
51.70538371457892,12.51255715859902,6838.188
51.70724363165387,12.5158514074377,6825.995999999999
51.70905078952596,12.5190437935494,6812.280000000001
51.7108612060547,12.5222464896537,6800.088000000001
51.71272670939818,12.52552836650124,6784.848000000001
51.71462309239276,12.52886055611274,6772.656
51.71653871697896,12.53222986169766,6758.94
51.718223907987976,12.535209037162181,6749.795999999999
51.720052014367106,12.538458334433061,6736.08
51.7218284477622,12.541598758182019,6720.839999999999
51.72361450195312,12.5447598019162,6707.124000000001
51.72564805887514,12.5483373693518,6691.884
51.72783616922669,12.55222712336362,6672.072
51.730128556590955,12.55631689123206,6653.784
51.73223380395922,12.56003467456714,6635.496000000001
51.73401985815015,12.56317344871726,6618.731999999999
51.735637393240175,12.56606395824534,6605.0160000000005
51.73717873783435,12.56879858068518,6595.872
51.73914727679754,12.57228954418288,6577.584
51.74074417372882,12.57513139054584,6559.295999999999
51.74207153320314,12.5774750580659,6553.2
51.743813983464655,12.580547848263318,6534.911999999999
51.74543477721134,12.58341691300676,6516.624
51.74710584737488,12.58637918008338,6504.431999999999
51.74901836847856,12.589767456054659,6493.764
51.75126016907774,12.59375082479938,6470.904
51.75350615937832,12.597736667942339,6451.092000000001
51.75523976471466,12.60080574654242,6437.376
51.757023491293694,12.603960604281019,6420.612
51.758827700857395,12.60716577478358,6405.372
51.7606610831568,12.610403937262461,6388.608
51.76226542844612,12.613250732421879,6376.416
51.763650512695335,12.615704510663,6365.748
51.765384893902294,12.61875956767316,6350.508
51.76751031390694,12.62251611658046,6333.744000000001
51.7699086851993,12.62677043193096,6312.408
51.77193944898702,12.63039336333404,6300.216
51.77351524223718,12.633196031725081,6288.023999999999
51.77522572662872,12.63620819916594,6271.26
51.77727402509267,12.63984515215898,6254.496
51.77909173480534,12.643077953441741,6239.255999999999
51.780950410487286,12.64639570906358,6222.492
51.782905294127374,12.64986440297722,6204.204
51.78470065876591,12.65304070550046,6192.012000000001
51.78687682070976,12.6569036535315,6173.724
51.78899913723186,12.66066845043288,6153.911999999999
51.79091957221598,12.6640975539749,6132.575999999999
51.79268157441741,12.6672169453389,6117.335999999999
51.7944662320412,12.67040768185176,6100.572
51.79625120001324,12.673569550385361,6083.808
51.79772364729543,12.676174679317999,6076.188
51.79951963263043,12.679379849820501,6059.424
51.801157030008596,12.682314486116981,6044.183999999999
51.8027002366923,12.6850412729624,6027.42
51.80447310108252,12.68819736790012,6009.132
51.8064160363149,12.691656164220861,5993.892
51.80825640144995,12.69493020547404,5972.5560000000005
51.81049370199945,12.698878932643579,5949.696
51.812772589214774,12.70292663574218,5931.407999999999
51.81458254022114,12.70615160143054,5916.168
51.8163960602324,12.70939842430322,5899.404
51.81783592094807,12.71194458007814,5890.26
51.81900981321174,12.71403627137878,5878.068000000001
51.82048163979742,12.716665731893979,5862.8279999999995
51.82235847085208,12.72002101588894,5847.588
51.8241521285752,12.72319360681482,5832.348
51.82591304455774,12.72633320576434,5815.584000000001
51.82804855088055,12.73013594343854,5795.772
51.83014091879636,12.73385331437394,5779.008
51.83218471721068,12.73748531857054,5760.72
51.834430086814756,12.741499617293078,5739.384
51.8362671932932,12.744791804133241,5718.048
51.83770224361098,12.747362291490742,5705.856
51.83908515542238,12.749825142525339,5699.76
51.840700673248804,12.75272926124368,5682.996000000001
51.84291655976894,12.75668128761086,5658.612
51.84442252466234,12.75938456767314,5643.372
51.846038818359354,12.76228291279562,5632.704
51.84787142478812,12.76554664405618,5618.987999999999
51.84943402823755,12.7683187948691,5603.748
51.8510152525821,12.77115074363916,5583.936
51.852782530703806,12.774326633762659,5573.268
51.854397583007824,12.7772035341005,5562.6
51.85609317068325,12.78023384712838,5547.359999999999
51.85776548223981,12.78322828138198,5530.596
51.860167577711195,12.78754528148756,5507.736000000001
51.86243653378244,12.791597520982899,5483.352
51.86427379543502,12.7948950690192,5463.54
51.866491699218784,12.79887183936864,5445.252
51.86861494678565,12.80265230745882,5431.536
51.870385483563986,12.8058034536001,5417.82
51.8723054530257,12.8092527647276,5399.532
51.8737637794624,12.81187438964842,5385.816000000001
51.87526120977886,12.814536017340581,5372.1
51.877121902724454,12.81784552496834,5350.764
51.87888049109508,12.820986361117019,5334.0
51.88031290345272,12.823582004856439,5321.808
51.881839816853144,12.826288584116337,5311.14
51.883772510593225,12.829748205236498,5294.376
51.885653221001064,12.83311462402346,5274.564
51.88717951370499,12.83584099846918,5257.8
51.88897643008475,12.839060602961379,5244.084
51.89074603581834,12.84222412109376,5228.843999999999
51.89236357090836,12.845142261402021,5215.128
51.8939208984375,12.847953142438602,5199.888000000001
51.895353155621045,12.850486973353759,5187.696
51.8967832403668,12.853043910435257,5177.028
51.898924022609904,12.85690612792968,5155.692
51.90126963469942,12.861126273018959,5134.356000000001
51.9035179526119,12.8651672363281,5111.496
51.905678286794895,12.86906607491628,5096.255999999999
51.906992766816735,12.8714093889509,5084.064
51.90844519663666,12.87399902343748,5068.8240000000005
51.91051832296082,12.877731759207581,5049.012000000001
51.91240120580642,12.8811270577567,5027.6759999999995
51.91413775945114,12.88424551827568,5009.388000000001
51.915617810265495,12.88692147391186,4997.196000000001
51.916994515111924,12.88938337053574,4981.956
51.918591101694936,12.892258562360501,4965.192
51.92017589504437,12.89511064801896,4953.0
51.92212395102295,12.89862758091516,4931.664
51.924320440777294,12.902601841517841,4910.3279999999995
51.92614404710672,12.90586940220426,4892.039999999999
51.9271681963387,12.907714843750039,4882.896000000001
51.928457538152145,12.910036359514539,4869.18
51.929915243892346,12.91266610281808,4853.94
51.93186423091564,12.91615033830914,4835.652
51.933638181524785,12.919342476981019,4820.412
51.935084249205524,12.921959577287959,4806.696
51.9367342156879,12.924946812221,4788.407999999999
51.93836199227026,12.92785600934712,4773.168
51.94006720074153,12.930923897879477,4753.356
51.94197615284031,12.934364972795759,4733.544
51.94377834514036,12.93759416852678,4718.304
51.9453434313758,12.94042271205358,4706.111999999999
51.946798654329974,12.94300973074778,4692.396
51.948170548778464,12.94547424316406,4678.679999999999
51.94965184098584,12.94814060756138,4663.44
51.951088598219044,12.95072675432478,4649.724
51.95310322389768,12.9543452671596,4628.388000000001
51.95484055341302,12.957480294363842,4611.624000000001
51.95610910189354,12.95977129255022,4599.432
51.95784068996623,12.96284092494422,4582.668
51.959809228929416,12.966359601702,4564.38
51.96133878029,12.96913277762278,4549.140000000001
51.962594759666345,12.97136928013396,4538.472
51.96397627491065,12.97384338378908,4527.804
51.96582595049326,12.977168927873901,4507.992
51.96795059462728,12.98098231724332,4486.656
51.96961778543764,12.984034511021202,4472.94
51.97093024819584,12.98641052246094,4457.7
51.97267130189026,12.98949018205914,4440.936
51.97432499255167,12.9924813406808,4424.1720000000005
51.97580535371426,12.99516514369422,4411.98
51.97711905786546,12.99751674107144,4404.359999999999
51.97843229649429,12.999848720005579,4390.644
51.97991126108981,13.002515084402882,4373.879999999999
51.9814470194154,13.005283900669658,4358.640000000001
51.98305974410753,13.00816693987166,4343.4
51.98463724427304,13.010991995675221,4328.16
51.9861785888672,13.013748168945321,4311.396000000001
51.98770115739209,13.016484723772319,4299.204000000001
51.98931496830312,13.0194301060268,4283.964
51.99090022717494,13.02226911272324,4267.2
51.9924113128145,13.024995640346,4256.532
51.99393729517018,13.027773611886161,4242.816000000001
51.995613486079854,13.030811854771201,4229.1
51.997511886338074,13.03421630859376,4206.24
51.99950602903208,13.0378182547433,4184.904
52.00121449615998,13.040928431919639,4169.664
52.00303158517612,13.044225202287958,4148.3279999999995
52.00485100180416,13.047504534040181,4130.04
52.0067037808693,13.05088936941966,4111.752
52.00860342252054,13.05433131626676,4093.464
52.01063775531318,13.05802699497768,4075.1759999999995
52.0121539616989,13.06076921735492,4056.888
52.01375303106793,13.06365923200336,4043.172
52.01555786132811,13.0669224330357,4023.3599999999997
52.017620746159956,13.07064862932476,4003.5480000000002
52.01922974667307,13.073525129045759,3988.308
52.020778229277006,13.076293509347101,3970.0199999999995
52.02230653924458,13.07903485979352,3954.78
52.02410749015162,13.08231070382256,3936.4919999999997
52.026057253045565,13.08578578404018,3916.6800000000003
52.02773220256226,13.088815307617178,3902.964
52.029396755412485,13.09185921805246,3883.1520000000005
52.03119677527476,13.09510192871096,3864.864
52.03295474294888,13.09827575683596,3849.624
52.03464133052504,13.10130876813616,3832.8599999999997
52.03620889954648,13.10413556780136,3817.62
52.03784722796941,13.1071258544922,3800.8559999999998
52.03956624693789,13.110253470284599,3784.0919999999996
52.0415015786381,13.113764299665181,3761.232
52.04312888969808,13.116744995117182,3742.9440000000004
52.04475713180284,13.11969735281808,3726.1800000000003
52.04637559793762,13.122606113978799,3713.988
52.04794425317796,13.1254656110491,3698.7480000000005
52.04946387339446,13.128219604492179,3683.5080000000003
52.050984579829844,13.130996704101559,3669.792
52.052401164426634,13.13356497628348,3657.6
52.05380859375002,13.136131068638381,3642.3599999999997
52.05528259277344,13.138816615513381,3627.12
52.05699369786148,13.1419189453125,3608.832
52.0592427916446,13.145979963030161,3587.496
52.06106841523772,13.14928022112166,3569.208
52.06259548381225,13.15204903738838,3553.968
52.06381360070183,13.154263741629482,3540.2519999999995
52.065235461218904,13.15682591029578,3526.536
52.06680008193196,13.15965532575334,3511.296
52.068310391700905,13.16240801130022,3494.532
52.07000799663998,13.16547110421316,3476.244
52.07186853441144,13.168828037806918,3459.4800000000005
52.0735267251225,13.17184753417968,3441.192
52.0752548993644,13.174965994698661,3424.428
52.07715702380163,13.178404889787938,3406.1400000000003
52.078613022626485,13.181059483119402,3389.376
52.08017500537939,13.1838893345424,3369.564
52.08163193524896,13.186535644531238,3349.7519999999995
52.083248694468374,13.18946663992744,3334.512
52.084968799655734,13.1925545828683,3322.3199999999997
52.086282969329304,13.194951084681922,3307.0799999999995
52.087630811788266,13.19742518833706,3291.84
52.089056551658494,13.200006103515639,3276.6
52.09040191133145,13.202400425502258,3261.3599999999997
52.091650132001476,13.204665265764522,3249.168
52.09316975221795,13.2074698311942,3233.928
52.09516855013571,13.21112104143414,3217.1639999999998
52.09693272477492,13.214331490652881,3200.4
52.09849610409496,13.21719098772322,3185.16
52.100214036844555,13.220305960518981,3163.8239999999996
52.10182676153668,13.223247419084839,3148.584
52.10337477861826,13.226069859096,3134.868
52.104960192664215,13.228971208844879,3119.6279999999997
52.10650433039261,13.231820242745561,3105.9120000000003
52.10800595041051,13.23457772391184,3087.624
52.10954543291514,13.237407575334839,3070.86
52.11125855526684,13.2405465262277,3054.096
52.112837451999475,13.24343784877234,3038.8559999999998
52.114182656498315,13.245892333984381,3022.092
52.115580154677595,13.24848720005582,3006.852
52.11721724170752,13.25151367187502,2991.612
52.11860744670288,13.25408325195312,2977.8959999999997
52.1198396844379,13.25635855538502,2967.228
52.12118225097656,13.258834838867179,2955.036
52.12234931557864,13.261011178152899,2942.844
52.12357146699551,13.26329476492744,2930.652
52.124801377118686,13.2655988420759,2916.936
52.125831888489834,13.2675458635603,2906.268
52.127312560000675,13.270268467494441,2889.504
52.129015440860016,13.27345755440848,2866.6440000000002
52.130608148089905,13.276412091936379,2851.404
52.13219930357853,13.27937491280692,2837.688
52.13349500753113,13.281804112025679,2822.448
52.134849367303374,13.28432617187504,2808.732
52.136060035834895,13.286601039341539,2795.016
52.13721453133278,13.28876691545758,2784.348
52.13825264623612,13.290670776367179,2770.632
52.13954788466634,13.293061610630579,2758.44
52.14113671254304,13.29600306919642,2740.152
52.14243676137117,13.29842921665736,2724.912
52.14352949756691,13.300439453125,2714.2439999999997
52.144778028585186,13.3027082170759,2702.052
52.1462133892512,13.30539507184712,2685.2879999999996
52.147749302750924,13.308238874162939,2670.048
52.14928987147444,13.3110586983817,2651.7599999999998
52.15060062731726,13.3134992327009,2639.568
52.15175450211866,13.31562238420758,2625.852
52.15310156870701,13.31812177385602,2615.184
52.15429625430352,13.32034345354352,2602.992
52.155358266022276,13.32232709612166,2590.8
52.156738850221814,13.32486703055246,2575.56
52.15799917447369,13.32722080775672,2563.368
52.1594171556376,13.329837908063642,2549.6519999999996
52.16132362495034,13.333364868164079,2526.792
52.162631122136496,13.33581019810272,2514.6
52.163514218087926,13.337433733258939,2505.456
52.164367675781264,13.339035470145081,2499.3599999999997
52.16548663640426,13.341134643554678,2488.692
52.16658666578388,13.343178013392878,2474.9759999999997
52.16760429770259,13.345071411132821,2464.308
52.16891955359506,13.347531127929699,2453.6400000000003
52.170132704912575,13.349804251534618,2441.448
52.171512668415644,13.35238298688618,2426.208
52.17304066803498,13.35524989536834,2407.9199999999996
52.1743317167638,13.35765119280136,2395.728
52.17561686887579,13.36008954729354,2382.012
52.17696765964314,13.362652151925241,2369.82
52.17815101752848,13.36487034388954,2357.6279999999997
52.17936370332366,13.36717049734934,2343.912
52.18058507886987,13.36948634556362,2334.768
52.18187178272316,13.37189331054688,2322.576
52.183103399761684,13.37420654296876,2305.812
52.1844101210772,13.376692417689739,2292.096
52.185376855882545,13.37851998465402,2284.476
52.186408608646715,13.380453055245539,2275.332
52.1875714835474,13.38268432617188,2260.092
52.1887445999404,13.38489728655136,2250.948
52.189974820411805,13.387194824218762,2240.2799999999997
52.19113102282506,13.38939819335938,2229.612
52.192114361261915,13.391247558593781,2221.9919999999997
52.1929566464182,13.39283447265628,2215.8959999999997
52.1939427779893,13.394716971261179,2206.7520000000004
52.19519239522642,13.397065952845997,2197.6079999999997
52.19643596067266,13.399286760602681,2188.464
52.19762257721463,13.401416015625,2182.368
52.19896095405191,13.40377807617186,2173.2239999999997
52.2005429542671,13.40648062569754,2164.08
52.20214854094943,13.409136090959839,2157.984
52.203705713304416,13.41170349121094,2151.888
52.20511702198094,13.413965279715399,2147.3160000000003
52.20661631438692,13.41631208147324,2142.7439999999997
52.2082125906217,13.41877005440852,2141.22
52.20974260750462,13.42106105259488,2141.22
52.211453712592665,13.42359095982144,2139.696
52.213277939618614,13.42624424525672,2136.648
52.215157098285204,13.428939383370539,2133.6
52.217016705011915,13.431618826729899,2133.6
52.21867986129504,13.433962140764521,2133.6
52.22030794822564,13.436279296875,2133.6
52.22200291520456,13.438688877650659,2133.6
52.223650243726844,13.44100952148436,2133.6
52.22524201991198,13.44326695033482,2133.6
52.2269793494273,13.44570835658484,2133.6
52.22864747128243,13.448067801339281,2133.6
52.23031730005298,13.450431605747761,2133.6
52.23210413011454,13.45296587262834,2133.6
52.23374788963188,13.45528782435828,2133.6
52.235318251787604,13.457518223353798,2133.6
52.237033081054676,13.45994829450334,2133.6
52.23871904793432,13.462340436662942,2133.6
52.24035334182999,13.4646240234375,2133.6
52.2421130164195,13.46711774553572,2133.6
52.243837311308276,13.46956394740514,2133.6
52.2454922433627,13.471921648297979,2133.6
52.247221503823496,13.47438267299106,2133.6
52.248760210457476,13.47654811314176,2133.6
52.25026167530124,13.478669084821462,2133.6
52.2520095566572,13.481140136718759,2133.6
52.253871490995756,13.483766828264518,2133.6
52.255486232951526,13.486061314174119,2133.6
52.25713790634929,13.48841770717074,2133.6
52.25888858083952,13.490890938895081,2133.6
52.260679135080125,13.49341866629464,2133.6
52.26234337758213,13.495752389090399,2133.6
52.264013982223275,13.49811139787946,2133.6
52.265690638655336,13.50050528390066,2133.6
52.267236638473264,13.5027108328683,2133.6
52.268909881074556,13.505103846958681,2133.6
52.2706501588983,13.507584054129442,2133.6
52.27236514333951,13.51000322614398,2133.6
52.27395226430086,13.51227155412948,2133.6
52.27548740192998,13.51447274344308,2133.6
52.27720936920686,13.51695338657924,2133.6
52.27900457867122,13.519525582449779,2133.6
52.280652683064076,13.52186671665738,2133.6
52.28232282218288,13.52420087541852,2133.6
52.283976357670156,13.52647225516182,2130.5519999999997
52.28576054977158,13.52884303501674,2125.98
52.288406423794996,13.532043457031241,2119.8840000000005
52.29201996366855,13.536043003627219,2107.692
52.29541967359643,13.53949192592074,2093.9759999999997
52.29736648818194,13.5412850516183,2084.832
52.29931950973253,13.54293256487168,2075.6880000000006
52.30138720496228,13.544621058872782,2066.544
52.30371807550985,13.54637756347656,2051.304
52.30628837973386,13.5482439313616,2037.5880000000002
52.30827569476628,13.549649483816982,2023.872
52.31031716556872,13.55105895996096,2007.1079999999997
52.312747657905184,13.552716500418521,1987.2959999999998
52.31522051277808,13.55431867327008,1970.532
52.317392174672285,13.5557342529297,1955.292
52.32000980700478,13.55745326450894,1933.9559999999997
52.32232624635858,13.55893205915182,1914.1440000000002
52.32535710738877,13.56084812709264,1886.712
52.32899966482388,13.563139561244418,1854.708
52.333420575675326,13.5658909388951,1821.1799999999998
52.33810869637184,13.568794468471001,1786.128
52.34085527840308,13.570472935267858,1764.792
52.34388241525424,13.572260829380578,1746.5040000000001
52.34815001406914,13.57463509695872,1722.1200000000001
52.35288329043631,13.57705862862726,1696.212
52.356104394945035,13.57854745047434,1676.4
52.358711785785225,13.57964957101006,1659.636
52.36130691786944,13.580679321289079,1644.396
52.3649871826172,13.5820295061384,1618.4879999999998
52.3689422607422,13.58335876464846,1588.008
52.373196980104616,13.5846906389509,1565.148
52.37623715158238,13.58562622070312,1546.86
52.37869092003776,13.586360386439742,1536.1919999999998
52.381734194998025,13.58728419712612,1520.952
52.384574191853154,13.588119506835941,1508.7599999999998
52.38661116260596,13.58873814174106,1501.14
52.388869256488384,13.5894051688058,1491.996
52.391342266535375,13.590121023995518,1481.328
52.39358701544296,13.59078238351004,1472.184
52.396017973301774,13.591506522042419,1461.516
52.39885191836599,13.592324393136181,1452.372
52.4016416388043,13.5931605747768,1441.7040000000002
52.40478096654861,13.59410226004464,1429.5120000000002
52.40735778808594,13.5948992047991,1418.844
52.409797590869985,13.5956277029855,1409.7
52.41189678644732,13.59624851771764,1399.032
52.413910791429466,13.596847534179682,1392.936
52.41591300317798,13.59744001116072,1385.316
52.41793337029928,13.59805210658482,1379.2199999999998
52.42043260477358,13.59881940569196,1370.076
52.422871631686974,13.59955487932478,1360.932
52.425295761884264,13.600273786272322,1354.836
52.4277808755131,13.60104064941406,1347.216
52.43001988297802,13.601713779994421,1338.072
52.43267755023504,13.602509852818079,1328.928
52.435346700377394,13.60332292829242,1319.784
52.437448378740726,13.6039603097098,1310.6399999999999
52.4393793655654,13.60455540248326,1306.068
52.44115843692068,13.60508466448106,1299.9720000000002
52.442833231263236,13.605617414202019,1295.4
52.444451231875654,13.60612313406808,1292.352
52.44624582064356,13.60669337681362,1290.828
52.44822925632284,13.607300676618319,1283.208
52.45026777881687,13.607913643973239,1280.1600000000003
52.45228969767944,13.608533586774561,1280.1600000000003
52.45432744430286,13.60916094098772,1275.5880000000002
52.45644495042704,13.60982317243302,1272.5399999999997
52.458496197199416,13.610462297712058,1272.5400000000002
52.4604152356164,13.611041259765642,1272.5399999999997
52.46234110169492,13.61163199288504,1272.5400000000002
52.4643239166777,13.612245396205338,1272.5399999999997
52.46627135195975,13.612835257393979,1272.5400000000002
52.46808813062764,13.613411603655141,1272.5399999999997
52.47001430705442,13.614028930664059,1272.5400000000002
52.47191146591964,13.614620971679699,1272.5399999999997
52.47373041702532,13.6151798793248,1272.5400000000002
52.4756780074815,13.615784563337062,1272.5399999999997
52.47811284469348,13.616546194894,1272.5400000000002
52.48027426509534,13.6172084263393,1271.016
52.482266700873936,13.617836216517862,1267.968
52.484146325062895,13.61842651367186,1264.92
52.48609562243448,13.618998936244418,1266.4440000000002
52.487929780604496,13.619539097377238,1271.016
52.489708076089116,13.620084490094879,1272.5400000000002
52.49147799217094,13.620624651227681,1272.5399999999997
52.49322370108912,13.621170479910699,1272.5400000000002
52.49518401582365,13.6217755998884,1272.5399999999997
52.4970703125,13.62233625139508,1272.5400000000002
52.49901790295617,13.6229265485491,1272.5399999999997
52.50117513365666,13.623561750139498,1272.5400000000002
52.502891669839116,13.624093191964281,1272.5399999999997
52.50464343054822,13.62462288992744,1272.5400000000002
52.50640682931676,13.62515999930246,1272.5399999999997
52.5082881604211,13.625719342912959,1272.5400000000002
52.51062042753574,13.62641601562502,1272.5399999999997
52.51299924688824,13.62713623046876,1272.5400000000002
52.51497632042835,13.627735682896201,1272.5399999999997
52.51687192755228,13.62829415457588,1272.5400000000002
52.51877094850702,13.62884913853236,1269.4919999999997
52.52096030025162,13.62952662876676,1263.396
52.523416706667135,13.63027169363842,1258.824
52.525234571553916,13.630797467912961,1254.252
52.52697407350704,13.63131626674108,1245.1080000000002
52.52871093750002,13.631820678710941,1239.0120000000002
52.53054928537142,13.632376098632841,1228.344
52.532354581154024,13.632918875558039,1220.7240000000002
52.53414358365336,13.63344029017856,1211.58
52.535887430482,13.633953421456459,1205.484
52.53787303859906,13.634556361607139,1197.864
52.53987447447698,13.63514971051896,1188.72
52.54166983911548,13.635667637416281,1182.6239999999998
52.54362223996956,13.63623700823102,1175.0040000000001
52.54572252176577,13.636855643136162,1168.908
52.54762045650161,13.63741062709264,1164.336
52.54964609954318,13.63786054338728,1156.716
52.55261830475369,13.63822370256698,1141.4759999999999
52.555557302701274,13.638309587751142,1127.76
52.5573331153999,13.63813738141744,1118.616
52.55906035859708,13.637817818777922,1114.044
52.56070722159694,13.637360491071439,1104.9
52.56249482752912,13.63666992187502,1098.804
52.56491104384601,13.635406930106061,1085.0880000000002
52.56762441861427,13.633480398995562,1075.944
52.569927978515636,13.6313201904297,1065.276
52.57209777832033,13.6287567138672,1051.56
52.57388274629237,13.62624424525672,1040.8920000000003
52.57557771327132,13.62342703683036,1027.176
52.57681538210077,13.621041870117178,1018.0320000000002
52.57782091043764,13.618923078264519,1010.412
52.579004268322976,13.6160382952009,1002.792
52.58024364406782,13.61261378696988,993.6479999999999
52.581055670269485,13.61000148228238,987.552
52.581819126969684,13.607359095982158,982.9799999999999
52.582452392578126,13.60488891601564,978.408
52.583038330078125,13.602371215820302,975.36
52.5836436643439,13.599309430803562,973.836
52.584140687069656,13.5965079171317,969.2639999999999
52.584524432683416,13.594014195033461,967.7400000000001
52.58492540262514,13.59095938546316,967.74
52.58527578580178,13.587689208984381,967.7400000000001
52.58550311589646,13.5849334716797,967.74
52.5856511520127,13.58241446358816,967.7400000000001
52.585764584298886,13.57980128696986,967.74
52.58582153320316,13.5769958496094,967.7400000000001
52.58584822315284,13.57424229213172,967.74
52.5858390678794,13.571510968889521,967.7400000000001
52.585793136338076,13.56891305106026,967.74
52.58573804952332,13.566289411272319,967.7400000000001
52.585662945246284,13.563630458286841,967.74
52.585576823606324,13.56117728097098,967.7400000000001
52.58547502937965,13.55881434849332,967.74
52.58536361435714,13.556519862583702,967.7400000000001
52.5852431992353,13.554153006417419,967.74
52.585125577247766,13.55182233537948,967.7400000000001
52.5849960068525,13.54950997488838,967.74
52.58485712600966,13.54725559779576,967.7400000000001
52.58471390029132,13.5450160435268,963.168
52.584548329498794,13.542709786551342,957.0720000000001
52.58439098293498,13.540518188476579,950.976
52.584216256869034,13.538289097377259,943.356
52.58403206518142,13.535886492048018,934.2119999999999
52.58382785603152,13.53350786481586,925.068
52.58362426757814,13.53121948242188,915.924
52.58342331708489,13.52901131766184,906.78
52.58321150440283,13.526700265066982,896.1119999999999
52.58298774331304,13.524349539620562,886.9680000000001
52.58279377565547,13.52230529785158,879.348
52.58259142859507,13.52024012974332,873.2519999999998
52.58238287456966,13.518087768554699,865.632
52.58215632034562,13.51585649762836,858.012
52.58196793895657,13.51383100237166,850.392
52.581741074384276,13.511604963030141,842.7720000000002
52.58150645110565,13.50934143066408,833.628
52.58128719006557,13.507169451032379,826.008
52.581067463503054,13.50491289411272,818.3880000000001
52.580863409527275,13.502728271484381,809.244
52.5806688211732,13.50064348493304,798.576
52.58050123311706,13.498932756696439,789.432
52.580354283219684,13.49744219098774,784.86
52.58019848839713,13.495867483956498,780.288
52.57998543432204,13.49370509556364,774.192
52.57975515591896,13.49131513323104,760.476
52.579548619157194,13.489185006277921,754.3799999999999
52.57931368553034,13.487013026646219,746.76
52.57909163135596,13.48493085588728,742.1879999999999
52.57885592185844,13.482727050781259,733.044
52.57861540196306,13.48055463518416,723.9
52.578374726893536,13.47820739746092,713.232
52.57812443102822,13.47583923339844,705.6119999999999
52.57790361824684,13.47371782575336,699.516
52.577726719743126,13.47178737095424,691.896
52.5775414418366,13.46986258370536,687.324
52.577359577760866,13.46792210170202,682.7520000000001
52.57712821313892,13.465543910435278,673.608
52.57687683105472,13.463051060267858,667.5120000000001
52.576672932253075,13.46076180594308,658.3680000000002
52.576474930068194,13.45863429478238,650.7479999999999
52.576252565545566,13.45637642996654,644.652
52.57605968410688,13.454382324218779,637.032
52.57587487172274,13.45249285016744,630.936
52.57570914575608,13.45055236816406,626.364
52.57548864332297,13.44821559361048,618.744
52.57521227820446,13.44545811244422,612.648
52.57499084472657,13.44322204589846,603.504
52.57475187657244,13.440700422014519,591.312
52.574445562847586,13.43763645717076,574.548
52.574210318872474,13.435311889648421,565.404
52.5740436618611,13.433648681640639,559.308
52.573824555995124,13.43154296875002,547.116
52.57359784659693,13.42936488560268,534.924
52.57340341341698,13.42725045340402,525.78
52.57320479053563,13.425286865234401,518.1600000000001
52.57296721894862,13.423019409179698,509.01599999999996
52.572761302883336,13.42090105329242,501.396
52.572603335623036,13.4192164829799,495.3
52.57246523065085,13.41759294782366,489.204
52.57229019423663,13.4156973702567,481.584
52.57206782971398,13.41340898786272,473.96400000000006
52.57188239663334,13.4115696498326,467.86800000000005
52.57169820494572,13.4097664969308,461.77200000000005
52.571478943905596,13.40753566196986,452.628
52.57127240714381,13.405539376395101,446.532
52.57112002615204,13.404032679966539,440.436
52.57098145565745,13.402527291434179,434.34
52.570829229839795,13.400939069475438,428.244
52.57064969337593,13.39903738839286,422.148
52.57046736377778,13.397259957449801,414.5280000000001
52.57029279288598,13.395325142996679,406.908
52.57008485955706,13.393247767857138,399.288
52.56990252995894,13.391436331612741,391.668
52.56969118279924,13.389169747488879,382.524
52.569461214744436,13.386926269531259,373.38
52.56926647121624,13.385000610351579,364.236
52.56907126216564,13.38311418805804,358.14
52.568868915105256,13.381052943638377,352.044
52.568670757746304,13.378938511439738,344.424
52.56846422098452,13.37681623186386,338.328
52.56826187392414,13.37481776646204,332.232
52.56806713039593,13.3729287283761,324.61199999999997
52.56788790428034,13.37107849121096,316.992
52.567711781647255,13.369253976004478,310.8960000000001
52.56756452140164,13.367683628627258,304.8
52.567395847126576,13.36590358189178,297.18
52.56723012115996,13.364163208007838,289.56
52.567017067084905,13.36190316336496,281.94
52.56666761495302,13.35810895647322,268.224
52.566133195262864,13.3525102887835,249.936
52.565631206965065,13.34734758649554,233.17199999999997
